Theory,PointEst,AA1,AA2,AA3,AA4,AI1,AI2,AI3,AI4,AE1,AE2,AE3,AE4,AO1,AO2,AO3,AO4,IA1,IA2,IA3,IA4,II1,II2,II3,II4,IE1,IE2,IE3,IE4,IO1,IO2,IO3,IO4,EA1,EA2,EA3,EA4,EI1,EI2,EI3,EI4,EE1,EE2,EE3,EE4,EO1,EO2,EO3,EO4,OA1,OA2,OA3,OA4,OI1,OI2,OI3,OI4,OE1,OE2,OE3,OE4,OO1,OO2,OO3,OO4,yi,vi
Atmosphere,Detect,0.9375,1,0.678571429,0.525,1,1,0.833333333,1,1,0.833333333,1,0.75,1,0.75,0.833333333,0.833333333,1,1,0.833333333,1,0.678571429,0.833333333,0.833333333,0.833333333,0.75,0.75,0.525,0.525,0.833333333,0.833333333,0.75,0.678571429,0.833333333,1,1,0.833333333,0.583333333,0.583333333,0.583333333,0.678571429,0.833333333,0.833333333,0.375,0.678571429,0.583333333,0.583333333,0.678571429,0.833333333,0.75,0.678571429,0.7,1,0.75,0.678571429,0.75,0.583333333,0.583333333,0.75,0.583333333,0.678571429,0.833333333,0.833333333,0.678571429,0.678571429,0.775548735,0.023766369
Matching,Detect,0.9375,1,0.678571429,0.525,0.857142857,0.857142857,0.666666667,0.857142857,1,0.833333333,1,0.75,0.857142857,0.775,0.666666667,0.916666667,0.857142857,0.857142857,0.666666667,0.857142857,0.535714286,0.666666667,0.666666667,0.666666667,0.525,0.525,0.75,0.75,0.666666667,0.666666667,0.775,0.535714286,0.833333333,1,1,0.833333333,0.583333333,0.583333333,0.583333333,0.357142857,0.833333333,0.833333333,0.375,0.678571429,0.583333333,0.333333333,0.357142857,0.333333333,0.775,0.535714286,0.9,0.857142857,0.775,0.535714286,0.775,0.666666667,0.333333333,0.525,0.333333333,0.357142857,0.666666667,0.666666667,0.535714286,0.535714286,0.687825521,0.035777925
Conversion,Detect,0.9375,1,0.678571429,0.525,1,1,0.833333333,1,1,0.833333333,1,0.75,1,0.75,0.833333333,0.833333333,0.428571429,0.428571429,0.666666667,0.428571429,0.75,0.666666667,0.666666667,0.666666667,0.75,0.75,0.525,0.525,0.666666667,0.666666667,0.625,0.75,0.666666667,0.428571429,0.428571429,0.666666667,0.666666667,0.666666667,0.666666667,0.75,0.666666667,0.666666667,1,0.75,0.666666667,0.666666667,0.75,0.666666667,0.625,0.75,0.6,0.428571429,0.625,0.75,0.625,0.666666667,0.666666667,0.625,0.666666667,0.75,0.666666667,0.666666667,0.75,0.75,0.708138021,0.023398605
PHM,Detect,0.8125,0.857142857,0.535714286,0.775,0.678571429,0.678571429,0.583333333,0.678571429,0.678571429,0.583333333,0.678571429,0.75,0.678571429,0.75,0.583333333,0.583333333,0.678571429,0.678571429,0.583333333,0.678571429,0.535714286,0.666666667,0.666666667,0.666666667,0.75,0.75,0.525,0.75,0.583333333,0.583333333,0.525,0.678571429,0.583333333,0.678571429,0.678571429,0.583333333,0.583333333,0.833333333,0.583333333,0.678571429,0.666666667,0.666666667,0.25,0.535714286,0.333333333,0.833333333,0.678571429,0.583333333,0.75,0.678571429,0.7,0.678571429,0.75,0.678571429,0.75,0.583333333,0.833333333,0.525,0.833333333,0.357142857,0.666666667,0.666666667,0.535714286,0.535714286,0.647777158,0.013228438
FOPC,Detect,0.875,0.607142857,0.75,0.75,0.428571429,0.857142857,0.666666667,0.857142857,0.714285714,0.25,1,0.425,0.428571429,0.625,0.5,0.666666667,0.857142857,0.428571429,0.666666667,0.857142857,0.75,0.666666667,0.666666667,0.666666667,0.425,0.425,0.425,0.425,0.666666667,0.666666667,0.625,0.75,0.25,0.857142857,0.857142857,0.25,0.5,0.5,0.5,0.607142857,0.666666667,0.666666667,1,0.75,0.666666667,0.666666667,0.75,0.666666667,0.625,0.75,0.8,0.607142857,0.625,0.75,0.625,0.666666667,0.666666667,0.625,0.666666667,0.75,0.666666667,0.666666667,0.75,0.75,0.648660714,0.026572522
VM,Detect,1,0.75,0.607142857,0.525,0.75,0.75,1,0.678571429,0.75,0.833333333,0.928571429,0.75,0.75,0.75,0.833333333,0.583333333,0.75,0.678571429,1,0.928571429,0.75,0.666666667,0.666666667,0.833333333,0.625,0.65,0.55,0.75,0.583333333,0.583333333,0.65,1,0.833333333,0.75,0.678571429,0.833333333,0.833333333,0.666666667,0.833333333,1,0.833333333,0.833333333,0.875,0.75,0.583333333,0.833333333,0.607142857,0.666666667,0.75,1,0.7,0.678571429,0.75,0.75,0.75,0.833333333,0.833333333,0.75,0.583333333,0.75,0.666666667,0.833333333,0.678571429,0.75,0.755822173,0.014463436
MM,Detect,0.875,0.928571429,0.785714286,0.775,0.928571429,1,1,1,1,0.833333333,1,0.9,0.928571429,0.875,1,0.75,1,0.928571429,1,1,0.928571429,1,1,1,0.9,0.9,0.9,0.9,1,1,0.875,0.928571429,0.833333333,1,1,0.833333333,0.833333333,0.833333333,0.833333333,0.785714286,1,1,0.875,0.928571429,0.833333333,0.583333333,0.785714286,0.833333333,0.875,0.928571429,0.8,0.928571429,0.875,0.928571429,0.875,0.75,0.583333333,0.9,0.583333333,0.785714286,1,1,0.928571429,0.928571429,0.895349702,0.010667392
mReasoner,Detect,1,0.857142857,1,0.875,0.678571429,1,1,1,0.75,0.916666667,1,1,0.678571429,0.75,0.666666667,0.666666667,0.75,0.928571429,1,1,1,1,0.833333333,0.833333333,0.875,0.775,1,0.875,0.833333333,0.833333333,0.75,1,0.833333333,1,1,0.916666667,0.833333333,0.916666667,0.916666667,0.678571429,0.833333333,1,0.9375,1,0.583333333,0.833333333,1,0.833333333,0.75,1,0.6,0.75,0.75,1,0.75,0.833333333,0.833333333,0.75,0.833333333,0.678571429,0.833333333,0.833333333,1,0.678571429,0.861188616,0.015004884
Atmosphere,Hit,1,1,0.5,0.25,1,1,0.666666667,1,1,0.666666667,1,0.5,1,0.5,0.666666667,0.666666667,1,1,0.666666667,1,0.5,0.666666667,0.666666667,0.666666667,0.5,0.5,0.25,0.25,0.666666667,0.666666667,0.5,0.5,0.666666667,1,1,0.666666667,0.333333333,0.333333333,0.333333333,0.5,0.666666667,0.666666667,0,0.5,0.333333333,0.333333333,0.5,0.666666667,0.5,0.5,0.4,1,0.5,0.5,0.5,0.333333333,0.333333333,0.5,0.333333333,0.5,0.666666667,0.666666667,0.5,0.5,0.61171875,0.061002466
Matching,Hit,1,1,0.5,0.25,1,1,0.666666667,1,1,0.666666667,1,0.5,1,0.75,0.666666667,1,1,1,0.666666667,1,0.5,0.666666667,0.666666667,0.666666667,0.25,0.25,0.5,0.5,0.666666667,0.666666667,0.75,0.5,0.666666667,1,1,0.666666667,0.333333333,0.333333333,0.333333333,0,0.666666667,0.666666667,0,0.5,0.333333333,0,0,0,0.75,0.5,0.8,1,0.75,0.5,0.75,0.666666667,0,0.25,0,0,0.666666667,0.666666667,0.5,0.5,0.59453125,0.101367325
Conversion,Hit,1,1,0.5,0.25,1,1,0.666666667,1,1,0.666666667,1,0.5,1,0.5,0.666666667,0.666666667,0,0,0.333333333,0,0.5,0.333333333,0.333333333,0.333333333,0.5,0.5,0.25,0.25,0.333333333,0.333333333,0.25,0.5,0.333333333,0,0,0.333333333,0.333333333,0.333333333,0.333333333,0.5,0.333333333,0.333333333,1,0.5,0.333333333,0.333333333,0.5,0.333333333,0.25,0.5,0.2,0,0.25,0.5,0.25,0.333333333,0.333333333,0.25,0.333333333,0.5,0.333333333,0.333333333,0.5,0.5,0.443229167,0.076637732
PHM,Hit,1,1,0.5,0.75,0.5,0.5,0.333333333,0.5,0.5,0.333333333,0.5,0.5,0.5,0.5,0.333333333,0.333333333,0.5,0.5,0.333333333,0.5,0.5,0.666666667,0.666666667,0.666666667,0.5,0.5,0.25,0.5,0.333333333,0.333333333,0.25,0.5,0.333333333,0.5,0.5,0.333333333,0.333333333,0.666666667,0.333333333,0.5,0.666666667,0.666666667,0,0.5,0,0.666666667,0.5,0.333333333,0.5,0.5,0.4,0.5,0.5,0.5,0.5,0.333333333,0.666666667,0.25,0.666666667,0,0.666666667,0.666666667,0.5,0.5,0.477604167,0.03404073
FOPC,Hit,1,0.5,0.5,0.5,0,1,0.333333333,1,1,0,1,0.25,0,0.25,0.333333333,0.333333333,1,0,0.333333333,1,0.5,0.333333333,0.333333333,0.333333333,0.25,0.25,0.25,0.25,0.333333333,0.333333333,0.25,0.5,0,1,1,0,0.333333333,0.333333333,0.333333333,0.5,0.333333333,0.333333333,1,0.5,0.333333333,0.333333333,0.5,0.333333333,0.25,0.5,0.6,0.5,0.25,0.5,0.25,0.333333333,0.333333333,0.25,0.333333333,0.5,0.333333333,0.333333333,0.5,0.5,0.432552083,0.079642237
VM,Hit,1,0.5,0.5,0.25,0.5,0.5,1,0.5,0.5,0.666666667,1,0.5,0.5,0.5,0.666666667,0.333333333,0.5,0.5,1,1,0.5,0.333333333,0.333333333,0.666666667,0.25,0.5,0.5,0.5,0.333333333,0.333333333,0.5,1,0.666666667,0.5,0.5,0.666666667,0.666666667,0.333333333,0.666666667,1,0.666666667,0.666666667,1,0.5,0.333333333,0.666666667,0.5,0.333333333,0.5,1,0.4,0.5,0.5,0.5,0.5,0.666666667,0.666666667,0.5,0.333333333,0.5,0.333333333,0.666666667,0.5,0.5,0.56875,0.043196649
MM,Hit,1,1,1,0.75,1,1,1,1,1,1,1,1,1,0.75,1,0.666666667,1,1,1,1,1,1,1,1,1,1,1,1,1,1,0.75,1,1,1,1,1,1,1,1,1,1,1,1,1,1,0.666666667,1,1,0.75,1,0.6,1,0.75,1,0.75,0.666666667,0.666666667,1,0.666666667,1,1,1,1,1,0.944270833,0.014155368
mReasoner,Hit,1,1,1,0.75,0.5,1,1,1,0.5,1,1,1,0.5,0.5,0.333333333,0.333333333,0.5,1,1,1,1,1,0.666666667,0.666666667,0.75,0.75,1,0.75,0.666666667,0.666666667,0.5,1,0.666666667,1,1,1,0.666666667,1,1,0.5,0.666666667,1,1,1,0.333333333,0.666666667,1,0.666666667,0.5,1,0.2,0.5,0.5,1,0.5,0.666666667,0.666666667,0.5,0.666666667,0.5,0.666666667,0.666666667,1,0.5,0.758333333,0.056208113
Atmosphere,CorrectReject,0.875,1,0.857142857,0.8,1,1,1,1,1,1,1,1,1,1,1,1,1,1,1,1,0.857142857,1,1,1,1,1,0.8,0.8,1,1,1,0.857142857,1,1,1,1,0.833333333,0.833333333,0.833333333,0.857142857,1,1,0.75,0.857142857,0.833333333,0.833333333,0.857142857,1,1,0.857142857,1,1,1,0.857142857,1,0.833333333,0.833333333,1,0.833333333,0.857142857,1,1,0.857142857,0.857142857,0.93937872,0.006502236
Matching,CorrectReject,0.875,1,0.857142857,0.8,0.714285714,0.714285714,0.666666667,0.714285714,1,1,1,1,0.714285714,0.8,0.666666667,0.833333333,0.714285714,0.714285714,0.666666667,0.714285714,0.571428571,0.666666667,0.666666667,0.666666667,0.8,0.8,1,1,0.666666667,0.666666667,0.8,0.571428571,1,1,1,1,0.833333333,0.833333333,0.833333333,0.714285714,1,1,0.75,0.857142857,0.833333333,0.666666667,0.714285714,0.666666667,0.8,0.571428571,1,0.714285714,0.8,0.571428571,0.8,0.666666667,0.666666667,0.8,0.666666667,0.714285714,0.666666667,0.666666667,0.571428571,0.571428571,0.781119792,0.019338888
Conversion,CorrectReject,0.875,1,0.857142857,0.8,1,1,1,1,1,1,1,1,1,1,1,1,0.857142857,0.857142857,1,0.857142857,1,1,1,1,1,1,0.8,0.8,1,1,1,1,1,0.857142857,0.857142857,1,1,1,1,1,1,1,1,1,1,1,1,1,1,1,1,0.857142857,1,1,1,1,1,1,1,1,1,1,1,1,0.973046875,0.003682349
PHM,CorrectReject,0.625,0.714285714,0.571428571,0.8,0.857142857,0.857142857,0.833333333,0.857142857,0.857142857,0.833333333,0.857142857,1,0.857142857,1,0.833333333,0.833333333,0.857142857,0.857142857,0.833333333,0.857142857,0.571428571,0.666666667,0.666666667,0.666666667,1,1,0.8,1,0.833333333,0.833333333,0.8,0.857142857,0.833333333,0.857142857,0.857142857,0.833333333,0.833333333,1,0.833333333,0.857142857,0.666666667,0.666666667,0.5,0.571428571,0.666666667,1,0.857142857,0.833333333,1,0.857142857,1,0.857142857,1,0.857142857,1,0.833333333,1,0.8,1,0.714285714,0.666666667,0.666666667,0.571428571,0.571428571,0.817950149,0.017588872
FOPC,CorrectReject,0.75,0.714285714,1,1,0.857142857,0.714285714,1,0.714285714,0.428571429,0.5,1,0.6,0.857142857,1,0.666666667,1,0.714285714,0.857142857,1,0.714285714,1,1,1,1,0.6,0.6,0.6,0.6,1,1,1,1,0.5,0.714285714,0.714285714,0.5,0.666666667,0.666666667,0.666666667,0.714285714,1,1,1,1,1,1,1,1,1,1,1,0.714285714,1,1,1,1,1,1,1,1,1,1,1,1,0.864769345,0.031888957
VM,CorrectReject,1,1,0.714285714,0.8,1,1,1,0.857142857,1,1,0.857142857,1,1,1,1,0.833333333,1,0.857142857,1,0.857142857,1,1,1,1,1,0.8,0.6,1,0.833333333,0.833333333,0.8,1,1,1,0.857142857,1,1,1,1,1,1,1,0.75,1,0.833333333,1,0.714285714,1,1,1,1,0.857142857,1,1,1,1,1,1,0.833333333,1,1,1,0.857142857,1,0.942894345,0.009187361
MM,CorrectReject,0.75,0.857142857,0.571428571,0.8,0.857142857,1,1,1,1,0.666666667,1,0.8,0.857142857,1,1,0.833333333,1,0.857142857,1,1,0.857142857,1,1,1,0.8,0.8,0.8,0.8,1,1,1,0.857142857,0.666666667,1,1,0.666666667,0.666666667,0.666666667,0.666666667,0.571428571,1,1,0.75,0.857142857,0.666666667,0.5,0.571428571,0.666666667,1,0.857142857,1,0.857142857,1,0.857142857,1,0.833333333,0.5,0.8,0.5,0.571428571,1,1,0.857142857,0.857142857,0.846428571,0.024915056
mReasoner,CorrectReject,1,0.714285714,1,1,0.857142857,1,1,1,1,0.833333333,1,1,0.857142857,1,1,1,1,0.857142857,1,1,1,1,1,1,1,0.8,1,1,1,1,1,1,1,1,1,0.833333333,1,0.833333333,0.833333333,0.857142857,1,1,0.875,1,0.833333333,1,1,1,1,1,1,1,1,1,1,1,1,1,1,0.857142857,1,1,1,0.857142857,0.964043899,0.005013551
